[{"id":2,"name":"Tr\u1ea7n V\u0103n Ch\u00ednh","gender":"Nam","place":"B\u00ecnh \u0110\u1ecbnh","department":"QT","salary":"500"},{"id":3,"name":"L\u00ea Tr\u1ea7n B\u1ea1ch Y\u1ebfn","gender":"N\u1eef","place":"TP HCM","department":"TC","salary":"700"},{"id":4,"name":"Tr\u1ea7n Anh Tu\u1ea5n","gender":"Nam","place":"H\u00e0 N\u1ed9i","department":"KT","salary":"800"},{"id":5,"name":"Tr\u1ea7n Thanh Mai","gender":"N\u1eef","place":"H\u1ea3i Ph\u00f2ng","department":"TC","salary":"800"},{"id":6,"name":"Tr\u1ea7n Th\u1ecb Thu Th\u1ee7y","gender":"N\u1eef","place":"TP HCM","department":"KT","salary":"700"},{"id":7,"name":"Nguy\u1ec5n Th\u1ecb N\u1edf","gender":"N\u1eef","place":"Ninh B\u00ecnh","department":"KT","salary":"400"},{"id":8,"name":"Nguy\u1ec5n V\u0103n S\u0129","gender":"Nam ","place":"H\u00e0 N\u1ed9i","department":"KT","salary":"6000"}]